club,league,total_spend,total_income,net_spend
Manchester United,GB1,2383150000.0,758520000.0,1624630000.0
Chelsea FC,GB1,3005150000.0,1384480000.0,1620670000.0
Manchester City,GB1,2478430000.0,981300000.0,1497130000.0
Paris Saint-Germain,FR1,2041520000.0,698100000.0,1343420000.0
Arsenal FC,GB1,1750580000.0,438430000.0,1312150000.0
Tottenham Hotspur,GB1,1616880000.0,601650000.0,1015230000.0
Liverpool FC,GB1,1853955000.0,882600000.0,971355000.0
Real Madrid,ES1,1517150000.0,832950000.0,684200000.0
FC Barcelona,ES1,1695810000.0,1067100000.0,628710000.0
West Ham United,GB1,1148985000.0,540860000.0,608125000.0
Newcastle United,GB1,1181010000.0,596140000.0,584870000.0
AC Milan,IT1,1195020000.0,620910000.0,574110000.0
Juventus FC,IT1,1678900000.0,1111870000.0,567030000.0
SSC Napoli,IT1,1191500000.0,694990000.0,496510000.0
Bayern Munich,L1,1187850000.0,700120000.0,487730000.0
Everton FC,GB1,969295000.0,603680000.0,365615000.0
Nottingham Forest,GB1,718494000.0,378260000.0,340234000.0
Aston Villa,GB1,980150000.0,642385000.0,337765000.0
Atlético de Madrid,ES1,1372795000.0,1057125000.0,315670000.0
Inter Milan,IT1,1078755000.0,799820000.0,278935000.0
Crystal Palace,GB1,603650000.0,342200000.0,261450000.0
Como 1907,IT1,238560000.0,13355000.0,225205000.0
AFC Bournemouth,GB1,776100000.0,556040000.0,220060000.0
Fulham FC,GB1,430970000.0,212050000.0,218920000.0
Brighton & Hove Albion,GB1,808160000.0,595385000.0,212775000.0
Wolverhampton Wanderers,GB1,908186000.0,716680000.0,191506000.0
Burnley FC,GB1,513095000.0,322310000.0,190785000.0
Olympique Marseille,FR1,733400000.0,559180000.0,174220000.0
VfL Wolfsburg,L1,572880000.0,402550000.0,170330000.0
RB Leipzig,L1,1063850000.0,923670000.0,140180000.0
Associazione Sportiva Roma,IT1,983620000.0,846890000.0,136730000.0
Sunderland AFC,GB1,296723000.0,162735000.0,133988000.0
Leeds United,GB1,501505000.0,382750000.0,118755000.0
Leicester City,GB1,721950000.0,620570000.0,101380000.0
Parma Calcio 1913,IT1,232813000.0,133680000.0,99133000.0
RC Strasbourg Alsace,FR1,290050000.0,201600000.0,88450000.0
Ipswich Town,GB1,193757000.0,122510000.0,71247000.0
Brentford FC,GB1,439800000.0,371345000.0,68455000.0
Sheffield United,GB1,219840000.0,154190000.0,65650000.0
Società Sportiva Lazio S.p.A.,IT1,418825000.0,355240000.0,63585000.0
Paris FC,FR1,78560000.0,19600000.0,58960000.0
OGC Nice,FR1,381710000.0,324200000.0,57510000.0
AC Monza,IT1,114305000.0,59500000.0,54805000.0
Pisa Sporting Club,IT1,64402000.0,13700000.0,50702000.0
Cagliari Calcio,IT1,214320000.0,164611000.0,49709000.0
West Bromwich Albion,GB1,146190000.0,102440000.0,43750000.0
US Cremonese,IT1,48180000.0,9800000.0,38380000.0
Stoke City,GB1,150210000.0,112090000.0,38120000.0
Bayer 04 Leverkusen,L1,801805000.0,765630000.0,36175000.0
1.FC Union Berlin,L1,128268000.0,96400000.0,31868000.0
ACF Fiorentina,IT1,602515000.0,573400000.0,29115000.0
Cardiff City,GB1,51105000.0,26910000.0,24195000.0
Borussia Mönchengladbach,L1,307180000.0,284150000.0,23030000.0
Getafe CF,ES1,131560000.0,109490000.0,22070000.0
Bologna Football Club 1909,IT1,401445000.0,382850000.0,18595000.0
Huddersfield Town,GB1,61650000.0,45700000.0,15950000.0
Rayo Vallecano,ES1,66550000.0,51900000.0,14650000.0
1.FC Köln,L1,148635000.0,138020000.0,10615000.0
Benevento Calcio,IT1,21550000.0,11900000.0,9650000.0
US Salernitana 1919,IT1,82490000.0,73420000.0,9070000.0
FC Augsburg,L1,161010000.0,153400000.0,7610000.0
Queens Park Rangers,GB1,46523000.0,39486000.0,7037000.0
Real Oviedo,ES1,7650000.0,2800000.0,4850000.0
Luton Town,GB1,36740000.0,32820000.0,3920000.0
US Sassuolo,IT1,417760000.0,414661000.0,3099000.0
Venezia FC,IT1,49991500.0,48560000.0,1431500.0
Cádiz CF,ES1,28050000.0,27000000.0,1050000.0
CA Osasuna,ES1,54100000.0,54100000.0,0.0
US Livorno 1915,IT1,750000.0,900000.0,-150000.0
Thonon Évian Grand Genève FC,FR1,2250000.0,3800000.0,-1550000.0
GFC Ajaccio,FR1,0.0,2500000.0,-2500000.0
Holstein Kiel,L1,15420000.0,18275000.0,-2855000.0
Arminia Bielefeld,L1,10600000.0,13675000.0,-3075000.0
SV Darmstadt 98,L1,12780000.0,17150000.0,-4370000.0
FC St. Pauli,L1,26180000.0,31240000.0,-5060000.0
Chievo Verona,IT1,27130000.0,33072000.0,-5942000.0
Catania FC,IT1,6760000.0,14200000.0,-7440000.0
AC Carpi,IT1,425000.0,8180000.0,-7755000.0
Siena FC,IT1,5750000.0,14000000.0,-8250000.0
Eintracht Braunschweig,L1,2600000.0,11250000.0,-8650000.0
SD Huesca,ES1,13000000.0,21690000.0,-8690000.0
Córdoba CF,ES1,850000.0,9600000.0,-8750000.0
Brescia Calcio,IT1,19710000.0,28580000.0,-8870000.0
Nîmes Olympique,FR1,15450000.0,24530000.0,-9080000.0
AC Ajaccio,FR1,100000.0,9980000.0,-9880000.0
SPAL,IT1,49686000.0,60250000.0,-10564000.0
Reading FC,GB1,22690000.0,33940000.0,-11250000.0
RCD Mallorca,ES1,67020000.0,79300000.0,-12280000.0
Hertha BSC,L1,202250000.0,217550000.0,-15300000.0
Wigan Athletic,GB1,26945000.0,42690000.0,-15745000.0
Sporting Gijón,ES1,10950000.0,26880000.0,-15930000.0
FC Crotone,IT1,11100000.0,27085000.0,-15985000.0
Deportivo de La Coruña,ES1,20250000.0,36250000.0,-16000000.0
FC Ingolstadt 04,L1,11850000.0,28000000.0,-16150000.0
Deportivo Alavés,ES1,54290000.0,71400000.0,-17110000.0
SpVgg Greuther Fürth,L1,3580000.0,20875000.0,-17295000.0
1. Fußballclub Heidenheim 1846,L1,25350000.0,44450000.0,-19100000.0
Hannover 96,L1,46175000.0,65600000.0,-19425000.0
SC Paderborn 07,L1,4375000.0,24200000.0,-19825000.0
SD Eibar,ES1,27800000.0,48550000.0,-20750000.0
Middlesbrough FC,GB1,133460000.0,154375000.0,-20915000.0
Southampton FC,GB1,796510000.0,817690000.0,-21180000.0
Cesena FC,IT1,6220000.0,28080000.0,-21860000.0
Stade Brestois 29,FR1,51500000.0,74000000.0,-22500000.0
Girona FC,ES1,142150000.0,165100000.0,-22950000.0
Granada CF,ES1,98933000.0,121916000.0,-22983000.0
Real Zaragoza,ES1,7050000.0,30550000.0,-23500000.0
Torino FC,IT1,340670000.0,364920000.0,-24250000.0
Dijon FCO,FR1,27015000.0,51300000.0,-24285000.0
Valenciennes FC,FR1,1800000.0,26600000.0,-24800000.0
UD Almería,ES1,160130000.0,185550000.0,-25420000.0
Frosinone Calcio,IT1,16060000.0,42365000.0,-26305000.0
FC Sochaux-Montbéliard,FR1,300000.0,26930000.0,-26630000.0
SC Bastia,FR1,1150000.0,28450000.0,-27300000.0
AJ Auxerre,FR1,21800000.0,49150000.0,-27350000.0
AS Nancy-Lorraine,FR1,2100000.0,29950000.0,-27850000.0
Fortuna Düsseldorf,L1,31150000.0,60030000.0,-28880000.0
Delfino Pescara 1936,IT1,27834000.0,57473000.0,-29639000.0
Elche CF,ES1,43610000.0,73690000.0,-30080000.0
Hamburger SV,L1,111450000.0,143990000.0,-32540000.0
VfL Bochum,L1,5835000.0,40050000.0,-34215000.0
Real Betis Balompié,ES1,322800000.0,357725000.0,-34925000.0
Valencia CF,ES1,428025000.0,464350000.0,-36325000.0
Spezia Calcio,IT1,47302000.0,84010000.0,-36708000.0
Amiens SC,FR1,27700000.0,67415000.0,-39715000.0
TSG 1899 Hoffenheim,L1,337838000.0,378600000.0,-40762000.0
Celta de Vigo,ES1,183730000.0,225400000.0,-41670000.0
Hull City,GB1,83995000.0,126790000.0,-42795000.0
EA Guingamp,FR1,4775000.0,48550000.0,-43775000.0
SV Werder Bremen,L1,124605000.0,169550000.0,-44945000.0
US Lecce,IT1,73665000.0,118630000.0,-44965000.0
RCD Espanyol Barcelona,ES1,151250000.0,198250000.0,-47000000.0
CD Leganés,ES1,43315000.0,91050000.0,-47735000.0
Palermo FC,IT1,75100000.0,122960000.0,-47860000.0
Real Valladolid CF,ES1,51325000.0,100450000.0,-49125000.0
Clermont Foot 63,FR1,10230000.0,59850000.0,-49620000.0
1.FC Nuremberg,L1,41840000.0,92775000.0,-50935000.0
Le Havre AC,FR1,7450000.0,66120000.0,-58670000.0
FC Nantes,FR1,107650000.0,169095000.0,-61445000.0
UD Las Palmas,ES1,16150000.0,78390000.0,-62240000.0
Athletic Bilbao,ES1,127580000.0,189900000.0,-62320000.0
ESTAC Troyes,FR1,48435000.0,110850000.0,-62415000.0
SM Caen,FR1,12600000.0,82170000.0,-69570000.0
Watford FC,GB1,283491000.0,354095000.0,-70604000.0
SC Freiburg,L1,193330000.0,265750000.0,-72420000.0
FC Schalke 04,L1,167980000.0,249450000.0,-81470000.0
Levante UD,ES1,35600000.0,118650000.0,-83050000.0
Málaga CF,ES1,49500000.0,135320000.0,-85820000.0
1.FSV Mainz 05,L1,156800000.0,244600000.0,-87800000.0
Borussia Dortmund,L1,1019640000.0,1112650000.0,-93010000.0
FC Lorient,FR1,125400000.0,222230000.0,-96830000.0
AS Saint-Étienne,FR1,94850000.0,210450000.0,-115600000.0
Sevilla FC,ES1,606200000.0,730980000.0,-124780000.0
Norwich City,GB1,168430000.0,297890000.0,-129460000.0
Swansea City,GB1,108768000.0,238620000.0,-129852000.0
FC Metz,FR1,62200000.0,193710000.0,-131510000.0
Villarreal CF,ES1,475720000.0,613370000.0,-137650000.0
Hellas Verona,IT1,180923000.0,320000000.0,-139077000.0
FC Girondins Bordeaux,FR1,73970000.0,215600000.0,-141630000.0
UC Sampdoria,IT1,193545000.0,339045000.0,-145500000.0
Angers SCO,FR1,27470000.0,190724000.0,-163254000.0
Stade Reims,FR1,149100000.0,313280000.0,-164180000.0
Montpellier HSC,FR1,66550000.0,232000000.0,-165450000.0
RC Lens,FR1,230790000.0,398390000.0,-167600000.0
VfB Stuttgart,L1,330010000.0,501980000.0,-171970000.0
FC Toulouse,FR1,90838000.0,265450000.0,-174612000.0
Udinese Calcio,IT1,351576000.0,527870500.0,-176294500.0
Eintracht Frankfurt,L1,429830000.0,612340000.0,-182510000.0
Stade Rennais FC,FR1,671710000.0,855070000.0,-183360000.0
Atalanta BC,IT1,729740000.0,918805000.0,-189065000.0
FC Empoli,IT1,58950000.0,252700000.0,-193750000.0
Real Sociedad,ES1,244530000.0,444450000.0,-199920000.0
Genoa CFC,IT1,313350000.0,539271000.0,-225921000.0
AS Monaco,FR1,1012450000.0,1276670000.0,-264220000.0
Olympique Lyon,FR1,617350000.0,982122000.0,-364772000.0
LOSC Lille,FR1,427570000.0,842850000.0,-415280000.0
