age,pos,Matches Played,total_minutes,Goals,Assists,Non Penalty Goals,Expected Goals,Exp NPG,Progressive Carries,Progressive Passes,Goals p 90,Assists p 90,Tackles attempted,Tackles Won,Interceptions,Clearances,Passes Completed,Pass completion %,Key passes,Take ons attempted,% Successful take-ons,Total Shots,Shots p 90,Goals per shot,Shot creating actions p 90,Goal creating actions p 90,% Aerial Duels won,% Dribbles tackled,Shots blocked,Passes blocked,Errors made,touches_def_pen,Possessions lost,Goals Against,Goals against p 90,Saves,Saves %,Clean Sheets,% Clean sheets,% Penalty saves,market_value_in_eur,player,season,predicted_value,actual_value,value_gap,value_gap_pct
23,FW,26,1864,15,5,14,13.1,12.3,137,57,0.72,0.24,18,13,1,3,499,72.3,30,176,36.9,77,1.83,0.18,3.81,0.48,12.5,25.0,0,13,2,2,40,0,0.0,0,0.0,0,0.0,0.0,180000000.0,Vinicius Júnior,2023-2024,45708505.36961955,180000000.0,-134291494.63038045,-74.60638590576691
23,FW,31,2552,27,5,20,29.2,22.9,35,26,0.95,0.18,6,3,2,16,295,76.0,29,30,40.0,113,1.76,0.18,2.08,0.39,48.1,66.7,1,10,0,15,19,0,0.0,0,0.0,0,0.0,0.0,180000000.0,Erling Haaland,2023-2024,59359410.826800644,180000000.0,-120640589.17319936,-67.0225495406663
27,FW,37,3198,15,8,12,13.9,11.6,87,136,0.42,0.23,31,19,12,21,1123,74.4,73,44,45.5,110,1.18,0.11,3.77,0.39,42.3,28.6,1,17,0,26,49,0,0.0,0,0.0,0,0.0,0.0,130000000.0,Antoine Griezmann,2018-2019,35713065.25973536,130000000.0,-94286934.74026464,-72.52841133866511
27,MF,19,975,2,2,2,1.4,1.4,50,109,0.18,0.18,22,15,3,2,635,76.1,36,27,70.4,31,1.11,0.06,6.92,0.55,35.3,33.3,1,12,1,7,13,0,0.0,0,0.0,0,0.0,0.0,130000000.0,Kevin De Bruyne,2018-2019,38876988.915208854,130000000.0,-91123011.08479115,-70.09462391137781
26,FW,38,3250,22,8,19,20.2,17.9,131,127,0.61,0.22,21,9,5,6,846,73.4,68,151,53.0,134,1.66,0.14,4.43,0.58,14.3,31.3,0,9,0,5,119,0,0.0,0,0.0,0,0.0,0.0,150000000.0,Mohamed Salah,2018-2019,70309308.1672412,150000000.0,-79690691.8327588,-53.12712788850587
20,MF,28,2315,19,6,18,11.1,10.3,85,196,0.74,0.23,42,34,21,17,1363,88.3,48,97,51.5,62,1.32,0.29,3.85,0.51,49.0,33.3,5,50,0,21,40,0,0.0,0,0.0,0,0.0,0.0,180000000.0,Jude Bellingham,2023-2024,107516631.92934324,180000000.0,-72483368.07065676,-40.268537817031536
23,FW,34,2818,29,5,26,26.3,22.2,165,128,0.93,0.16,10,4,5,6,1096,80.9,55,201,36.8,144,2.33,0.18,4.57,0.73,61.5,31.3,0,5,0,10,42,0,0.0,0,0.0,0,0.0,0.0,180000000.0,Kylian Mbappé,2022-2023,107696445.77008004,180000000.0,-72303554.22991996,-40.16864123884442
24,FW,33,2651,20,1,20,18.2,16.4,151,100,0.68,0.03,27,15,15,4,984,79.9,48,107,52.3,97,1.22,0.21,4.24,0.41,39.3,21.4,2,14,0,11,60,0,0.0,0,0.0,0,0.0,0.0,128000000.0,Raheem Sterling,2019-2020,56834792.0462634,128000000.0,-71165207.9537366,-55.59781871385672
26,FW,29,2587,18,2,16,12.5,10.9,46,76,0.63,0.07,18,12,6,30,380,65.4,27,55,50.9,79,1.22,0.2,2.12,0.28,39.1,23.5,7,10,0,38,32,0,0.0,0,0.0,0,0.0,0.0,120000000.0,Harry Kane,2019-2020,49694818.23600325,120000000.0,-70305181.76399675,-58.58765146999729
31,FW,34,2713,36,13,32,23.8,19.9,153,328,1.19,0.43,12,7,3,1,1504,77.7,89,224,59.8,165,2.72,0.19,8.06,1.19,41.2,5.9,0,10,0,1,78,0,0.0,0,0.0,0,0.0,0.0,150000000.0,Lionel Messi,2018-2019,81605242.4917459,150000000.0,-68394757.5082541,-45.59650500550273
19,MF,26,1976,6,1,6,4.9,4.9,67,184,0.27,0.05,39,22,13,8,1251,86.3,42,61,59.0,22,0.41,0.27,3.96,0.5,37.5,28.9,0,27,1,13,31,0,0.0,0,0.0,0,0.0,0.0,100000000.0,Pedri,2022-2023,33257962.12450633,100000000.0,-66742037.875493675,-66.74203787549368
16,FW,37,2201,5,5,5,5.2,5.2,123,80,0.2,0.2,61,37,19,11,903,79.8,38,160,43.8,58,0.86,0.09,4.41,0.74,15.4,37.5,0,32,0,14,26,0,0.0,0,0.0,0,0.0,0.0,90000000.0,Lamine Yamal,2023-2024,26896752.00333199,90000000.0,-63103247.99666801,-70.1147199962978
18,MF,12,944,1,1,1,0.9,0.9,26,39,0.1,0.1,39,21,8,16,489,90.4,11,22,54.5,9,0.38,0.11,2.57,0.29,33.3,50.0,3,16,1,27,11,0,0.0,0,0.0,0,0.0,0.0,90000000.0,Gavi,2023-2024,27680391.227134798,90000000.0,-62319608.772865206,-69.24400974762801
24,FW,30,2137,5,4,4,5.0,4.2,69,143,0.21,0.17,17,8,14,1,1090,84.6,50,90,54.4,63,0.84,0.06,4.84,0.63,20.0,30.4,2,18,0,4,43,0,0.0,0,0.0,0,0.0,0.0,85000000.0,Paulo Dybala,2018-2019,26104419.503978036,85000000.0,-58895580.49602196,-69.28891823061407
25,GK,37,3330,0,0,0,0.0,0.0,0,0,0.0,0.0,1,0,1,13,476,55.1,0,1,100.0,0,0.0,0.0,0.08,0.0,87.5,100.0,0,0,1,818,0,27,0.73,104,82.9,20,54.1,0.0,100000000.0,Jan Oblak,2018-2019,41358250.152098924,100000000.0,-58641749.847901076,-58.64174984790108
26,MF,17,1439,15,7,10,11.0,7.1,125,177,0.94,0.44,14,9,5,1,824,77.6,41,124,60.5,49,1.25,0.2,6.44,1.5,72.7,19.0,0,8,1,1,72,0,0.0,0,0.0,0,0.0,0.0,180000000.0,Neymar,2018-2019,121413129.0030722,180000000.0,-58586870.9969278,-32.54826166495989
27,GK,38,3420,0,0,0,0.0,0.0,0,0,0.0,0.0,0,0,0,11,719,65.0,0,0,0.0,0,0.0,0.0,0.11,0.0,100.0,0.0,0,1,4,1095,0,54,1.42,120,71.9,7,18.4,0.0,65000000.0,David de Gea,2018-2019,8042903.98594683,65000000.0,-56957096.014053166,-87.6263015600818
29,MF,31,2593,1,4,1,1.0,1.0,15,203,0.03,0.14,88,48,51,15,2031,90.3,24,23,78.3,5,0.1,0.2,2.08,0.35,65.4,0.0,10,27,1,44,22,0,0.0,0,0.0,0,0.0,0.0,80000000.0,Sergio Busquets,2017-2018,23107533.642421357,80000000.0,-56892466.35757864,-71.1155829469733
22,MF,33,2104,3,2,3,3.7,3.7,75,152,0.13,0.09,32,19,15,16,1280,82.6,56,56,42.9,60,0.64,0.05,4.92,0.3,37.5,32.0,2,35,1,36,27,0,0.0,0,0.0,0,0.0,0.0,75000000.0,Dominik Szoboszlai,2023-2024,19174695.077095047,75000000.0,-55825304.92290495,-74.4337398972066
25,FW,11,443,3,0,3,2.3,2.3,10,19,0.61,0.0,5,4,2,4,159,86.9,3,8,25.0,16,1.42,0.19,2.65,0.2,62.5,50.0,1,3,0,5,8,0,0.0,0,0.0,0,0.0,0.0,65000000.0,Christopher Nkunku,2023-2024,9803686.825634105,65000000.0,-55196313.17436589,-84.91740488363983
22,DF,14,1117,1,0,1,0.8,0.8,19,36,0.08,0.0,35,25,14,49,448,80.4,3,10,60.0,5,0.08,0.2,0.81,0.0,61.8,85.0,9,8,0,52,6,0,0.0,0,0.0,0,0.0,0.0,70000000.0,Lucas Hernández,2018-2019,15446342.635072071,70000000.0,-54553657.36492793,-77.93379623561133
26,FW,34,2422,12,4,10,7.7,6.2,201,218,0.45,0.15,6,3,3,0,1168,81.1,83,200,82.5,69,1.26,0.14,7.61,0.71,29.6,0.0,0,11,0,1,77,0,0.0,0,0.0,0,0.0,0.0,110000000.0,Eden Hazard,2017-2018,55575779.58447192,110000000.0,-54424220.41552808,-49.476564014116434
28,MF,22,1732,3,0,3,1.4,1.4,41,132,0.16,0.0,44,20,44,32,975,83.6,27,38,63.2,18,0.31,0.17,3.17,0.1,36.0,47.2,5,24,2,49,29,0,0.0,0,0.0,0,0.0,0.0,80000000.0,N'Golo Kanté,2019-2020,25793512.676895868,80000000.0,-54206487.32310413,-67.75810915388017
26,GK,35,3150,0,0,0,0.0,0.0,0,0,0.0,0.0,0,0,2,5,930,85.8,0,1,100.0,0,0.0,0.0,0.17,0.09,100.0,0.0,0,0,2,1005,0,32,0.91,85,73.3,16,45.7,0.0,90000000.0,Marc-André ter Stegen,2018-2019,36704061.98100145,90000000.0,-53295938.01899855,-59.21770890999839
20,DF,22,1740,0,3,0,1.3,1.3,113,98,0.0,0.16,34,17,23,26,1106,83.7,34,125,64.0,18,0.31,0.0,3.62,0.21,39.3,41.9,1,26,1,45,24,0,0.0,0,0.0,0,0.0,0.0,70000000.0,Alphonso Davies,2021-2022,17259921.758587405,70000000.0,-52740078.241412595,-75.3429689163037
21,MF,35,2866,1,3,1,0.4,0.4,27,173,0.03,0.09,91,46,37,44,1907,90.0,23,56,46.4,13,0.13,0.08,2.07,0.38,49.2,60.0,25,34,4,122,24,0,0.0,0,0.0,0,0.0,0.0,75000000.0,Moisés Caicedo,2023-2024,22322415.42431009,75000000.0,-52677584.57568991,-70.23677943425322
21,FW,28,2128,9,5,9,9.4,9.4,71,98,0.38,0.21,16,8,11,5,881,79.9,40,58,63.8,57,0.93,0.16,3.76,0.55,15.6,41.2,0,9,0,6,34,0,0.0,0,0.0,0,0.0,0.0,90000000.0,Phil Foden,2021-2022,37518721.1049467,90000000.0,-52481278.8950533,-58.31253210561478
23,MF,33,2925,4,1,4,5.0,4.1,56,120,0.12,0.03,83,56,42,86,1232,76.1,15,52,65.4,51,0.58,0.08,1.42,0.22,60.8,39.5,10,47,1,97,32,0,0.0,0,0.0,0,0.0,0.0,90000000.0,Saúl Ñíguez,2018-2019,38155303.756856896,90000000.0,-51844696.243143104,-57.60521804793678
20,FW,38,3181,14,11,12,11.2,9.1,179,109,0.4,0.31,63,34,14,19,1054,73.7,75,161,37.9,86,0.82,0.14,4.56,0.79,29.6,45.5,0,38,0,21,59,0,0.0,0,0.0,0,0.0,0.0,120000000.0,Bukayo Saka,2022-2023,69087325.4167884,120000000.0,-50912674.5832116,-42.427228819343
18,FW,10,336,4,0,4,1.3,1.3,20,9,1.07,0.0,3,2,1,0,133,83.1,2,14,28.6,18,2.14,0.22,2.68,0.8,25.0,100.0,0,4,0,0,2,0,0.0,0,0.0,0,0.0,0.0,60000000.0,Ansu Fati,2021-2022,9619207.283551455,60000000.0,-50380792.716448545,-83.96798786074757
19,FW,27,1745,6,1,6,7.6,7.6,43,51,0.31,0.05,9,3,10,4,405,76.4,15,55,36.4,64,0.93,0.09,2.85,0.21,27.4,28.6,0,4,1,8,23,0,0.0,0,0.0,0,0.0,0.0,81000000.0,João Félix,2019-2020,30753603.033044875,81000000.0,-50246396.966955125,-62.03258884809275
23,DF,21,1772,0,0,0,1.2,1.2,4,29,0.0,0.0,26,15,44,128,585,79.7,3,8,87.5,15,0.15,0.0,0.56,0.0,68.8,50.0,14,13,2,153,2,0,0.0,0,0.0,0,0.0,0.0,70000000.0,José María Giménez,2018-2019,19795714.32048669,70000000.0,-50204285.679513305,-71.72040811359044
19,FW,17,1090,1,6,1,0.8,0.8,36,80,0.08,0.5,18,10,1,6,473,74.6,39,85,56.5,7,0.33,0.14,5.28,0.66,14.3,50.0,1,14,0,6,28,0,0.0,0,0.0,0,0.0,0.0,85000000.0,Florian Wirtz,2022-2023,34848313.67808013,85000000.0,-50151686.32191987,-59.00198390814103
22,FW,31,1867,10,10,10,6.7,6.7,84,67,0.48,0.48,24,15,8,2,735,77.0,40,102,53.9,56,1.16,0.18,4.2,0.72,30.3,8.7,2,19,0,7,44,0,0.0,0,0.0,0,0.0,0.0,100000000.0,Leroy Sané,2018-2019,50315233.316771485,100000000.0,-49684766.683228515,-49.68476668322852
21,DF,6,267,1,1,1,0.3,0.3,12,21,0.34,0.34,5,5,4,2,183,82.4,3,10,60.0,4,0.34,0.25,2.36,0.67,75.0,57.1,0,4,0,5,3,0,0.0,0,0.0,0,0.0,0.0,55000000.0,Nuno Mendes,2023-2024,5387591.718370678,55000000.0,-49612408.281629324,-90.2043786938715
20,MF,31,1817,0,2,0,0.9,0.9,49,106,0.0,0.1,76,47,29,29,1205,90.7,20,69,52.2,17,0.35,0.0,2.87,0.3,51.4,59.0,8,28,1,55,24,0,0.0,0,0.0,0,0.0,0.0,100000000.0,Eduardo Camavinga,2023-2024,50544069.291718334,100000000.0,-49455930.708281666,-49.45593070828166
28,DF,38,3420,5,1,5,2.9,2.9,21,170,0.13,0.03,23,12,40,166,2919,89.1,7,4,75.0,31,0.37,0.16,0.92,0.18,77.0,46.2,15,5,2,315,2,0,0.0,0,0.0,0,0.0,0.0,80000000.0,Virgil van Dijk,2019-2020,31066965.62754783,80000000.0,-48933034.37245217,-61.16629296556522
22,MF,25,1825,5,3,5,4.8,4.8,48,111,0.25,0.15,33,19,19,20,836,79.2,27,54,53.7,39,0.94,0.13,3.16,0.25,50.0,20.8,5,28,0,32,29,0,0.0,0,0.0,0,0.0,0.0,90000000.0,Dele Alli,2018-2019,41120706.16226447,90000000.0,-48879293.83773553,-54.310326486372816
25,FW,37,2763,15,7,14,10.7,9.9,91,136,0.49,0.23,65,50,18,10,869,70.5,57,73,67.1,83,1.17,0.17,4.33,0.42,26.0,0.0,2,38,0,11,71,0,0.0,0,0.0,0,0.0,0.0,80000000.0,Roberto Firmino,2017-2018,31345782.00622527,80000000.0,-48654217.99377473,-60.81777249221842
25,MF,37,2904,2,7,2,3.5,3.5,104,231,0.06,0.22,47,34,43,40,1901,89.8,49,44,50.0,56,0.56,0.04,3.69,0.43,67.7,57.1,2,37,0,77,12,0,0.0,0,0.0,0,0.0,0.0,120000000.0,Federico Valverde,2023-2024,71607376.40544681,120000000.0,-48392623.59455319,-40.327186328794326
24,GK,37,3330,0,0,0,0.0,0.0,0,0,0.0,0.0,1,0,2,22,1090,82.4,1,6,100.0,0,0.0,0.0,0.14,0.03,100.0,0.0,0,0,4,1143,0,0,0.0,0,0.0,0,0.0,0.0,60000000.0,Alisson,2017-2018,11658807.068728598,60000000.0,-48341192.931271404,-80.56865488545235
26,DF,30,2559,0,0,0,1.4,1.4,34,173,0.0,0.0,39,20,30,77,2469,93.7,7,1,0.0,20,0.28,0.0,1.23,0.14,52.8,73.1,17,15,0,231,7,0,0.0,0,0.0,0,0.0,0.0,80000000.0,Rúben Dias,2023-2024,33488601.761104375,80000000.0,-46511398.238895625,-58.13924779861953
25,MF,35,2613,6,6,6,3.2,3.2,76,214,0.21,0.21,49,25,12,12,1306,81.6,55,70,57.1,33,0.45,0.18,4.17,0.45,57.1,52.8,5,24,0,43,39,0,0.0,0,0.0,0,0.0,0.0,75000000.0,Nicolò Barella,2022-2023,28621606.749707762,75000000.0,-46378393.25029224,-61.83785766705632
20,FW,26,2062,8,11,7,6.6,5.8,114,178,0.35,0.48,18,11,16,9,1139,78.0,67,138,55.8,51,0.7,0.14,5.46,0.83,25.0,43.8,1,19,0,15,35,0,0.0,0,0.0,0,0.0,0.0,100000000.0,Jadon Sancho,2020-2021,53673535.23195748,100000000.0,-46326464.76804252,-46.32646476804252
20,FW,29,1668,13,3,13,13.8,12.2,28,49,0.7,0.16,23,15,8,6,474,79.5,18,37,64.9,54,1.62,0.24,3.29,0.76,32.3,0.0,0,16,0,3,26,0,0.0,0,0.0,0,0.0,0.0,80000000.0,Gabriel Jesus,2017-2018,33960493.79228146,80000000.0,-46039506.20771854,-57.54938275964818
24,MF,38,3225,7,8,7,3.3,3.3,75,278,0.2,0.22,83,51,44,52,2041,88.9,47,46,45.7,58,0.56,0.12,2.79,0.33,47.6,56.1,11,26,0,100,22,0,0.0,0,0.0,0,0.0,0.0,120000000.0,Declan Rice,2023-2024,74161661.56191908,120000000.0,-45838338.43808092,-38.19861536506743
24,FW,13,958,4,3,4,3.6,3.6,53,38,0.38,0.28,9,7,4,2,392,86.2,20,49,63.3,38,1.22,0.11,5.64,0.38,48.4,25.0,0,7,0,4,26,0,0.0,0,0.0,0,0.0,0.0,65000000.0,Luis Díaz,2021-2022,19635938.272969246,65000000.0,-45364061.727030754,-69.79086419543194
27,MF,20,1097,2,2,2,1.9,1.9,28,74,0.16,0.16,19,9,12,16,563,74.0,24,2,0.0,26,0.74,0.08,3.61,0.25,37.5,29.2,1,9,0,15,14,0,0.0,0,0.0,0,0.0,0.0,68000000.0,Christian Eriksen,2019-2020,23160879.864923224,68000000.0,-44839120.135076776,-65.9398825515835
23,MF,27,1987,3,1,3,1.3,1.3,28,111,0.14,0.05,38,23,28,52,1377,90.6,11,13,46.2,27,0.32,0.11,1.58,0.5,68.0,50.0,13,8,1,132,12,0,0.0,0,0.0,0,0.0,0.0,100000000.0,Aurélien Tchouaméni,2023-2024,55243297.61360851,100000000.0,-44756702.38639149,-44.75670238639149
28,MF,33,2699,4,1,4,3.3,3.3,8,97,0.13,0.03,152,75,46,58,1098,82.4,13,22,50.0,45,0.47,0.09,1.1,0.07,56.3,67.8,9,48,0,120,26,0,0.0,0,0.0,0,0.0,0.0,55000000.0,João Palhinha,2023-2024,10709475.521986324,55000000.0,-44290524.47801368,-80.52822632366123
22,MF,27,1962,6,5,6,3.7,3.7,103,148,0.28,0.23,65,48,36,18,995,80.1,38,119,56.3,43,0.6,0.14,4.24,0.41,38.9,0.0,3,23,0,27,58,0,0.0,0,0.0,0,0.0,0.0,65000000.0,Naby Keïta,2017-2018,20831104.51194873,65000000.0,-44168895.488051265,-67.95214690469426
25,MF,24,1705,5,5,5,3.7,3.7,45,137,0.26,0.26,37,23,44,11,920,86.8,19,18,66.7,42,0.69,0.12,2.8,0.74,65.3,41.0,2,28,0,35,7,0,0.0,0,0.0,0,0.0,0.0,70000000.0,Leon Goretzka,2020-2021,25957988.005367033,70000000.0,-44042011.99463297,-62.917159992332806
25,MF,37,2956,12,11,12,3.4,3.4,90,140,0.37,0.33,71,42,29,28,1097,81.0,44,66,59.1,49,0.67,0.24,2.77,0.55,37.3,41.9,3,37,0,36,51,0,0.0,0,0.0,0,0.0,0.0,80000000.0,Marcos Llorente,2020-2021,35962653.31712815,80000000.0,-44037346.68287185,-55.046683353589806
21,GK,37,3330,0,0,0,0.0,0.0,0,1,0.0,0.0,0,0,1,23,979,79.5,0,1,100.0,0,0.0,0.0,0.22,0.0,88.9,0.0,0,1,2,1043,0,38,1.03,88,71.4,14,37.8,33.3,60000000.0,Gianluigi Donnarumma,2020-2021,16517149.719602952,60000000.0,-43482850.28039705,-72.47141713399509
24,MF,19,1618,0,0,0,0.7,0.7,14,57,0.0,0.0,60,32,42,54,746,79.8,2,17,64.7,14,0.22,0.0,1.0,0.11,56.8,40.0,8,28,1,97,15,0,0.0,0,0.0,0,0.0,0.0,60000000.0,Wilfred Ndidi,2021-2022,16817206.589769743,60000000.0,-43182793.41023026,-71.97132235038376
25,MF,20,1596,0,1,0,0.7,0.7,6,93,0.0,0.06,54,25,24,18,786,80.9,9,12,58.3,15,0.17,0.0,1.69,0.23,37.0,42.1,9,28,0,65,16,0,0.0,0,0.0,0,0.0,0.0,50000000.0,Kalvin Phillips,2021-2022,6894721.993466919,50000000.0,-43105278.00653308,-86.21055601306615
25,FW,29,2267,11,4,6,15.2,10.5,19,40,0.44,0.16,9,8,3,20,298,69.6,34,21,42.9,67,0.91,0.09,2.42,0.32,47.4,16.7,1,3,1,22,21,0,0.0,0,0.0,0,0.0,0.0,80000000.0,Mauro Icardi,2018-2019,37126470.974192165,80000000.0,-42873529.025807835,-53.591911282259794
26,DF,30,2567,0,0,0,0.3,0.3,27,124,0.0,0.0,58,31,44,66,1910,90.2,4,11,63.6,10,0.04,0.0,1.05,0.21,50.9,50.0,10,18,1,164,7,0,0.0,0,0.0,0,0.0,0.0,60000000.0,Fabinho,2020-2021,17327480.868258666,60000000.0,-42672519.13174133,-71.12086521956888
21,MF,36,2890,6,5,5,6.3,5.5,131,233,0.19,0.16,75,35,31,14,1549,81.5,87,81,53.1,81,0.78,0.06,5.26,0.44,36.8,36.2,2,38,0,22,41,0,0.0,0,0.0,0,0.0,0.0,75000000.0,Mason Mount,2020-2021,32573299.89927972,75000000.0,-42426700.10072028,-56.56893346762703
24,FW,25,1982,15,3,12,15.4,11.4,34,23,0.68,0.14,9,5,2,18,194,66.9,23,40,40.0,85,1.63,0.14,2.45,0.36,44.0,50.0,1,4,0,20,28,0,0.0,0,0.0,0,0.0,0.0,100000000.0,Victor Osimhen,2023-2024,57910427.41862685,100000000.0,-42089572.58137315,-42.08957258137315
20,FW,33,2334,10,6,10,10.7,10.7,74,65,0.39,0.23,24,12,3,24,533,73.1,38,87,48.3,84,1.5,0.12,3.12,0.5,38.9,24.1,0,27,0,22,46,0,0.0,0,0.0,0,0.0,0.0,80000000.0,Marcus Rashford,2018-2019,38076887.19075644,80000000.0,-41923112.80924356,-52.40389101155445
25,DF,10,496,0,0,0,0.1,0.1,7,15,0.0,0.0,7,3,4,19,297,90.3,0,1,0.0,2,0.36,0.0,0.36,0.18,45.8,66.7,3,1,1,61,1,0,0.0,0,0.0,0,0.0,0.0,60000000.0,Éder Militão,2023-2024,18418850.72029894,60000000.0,-41581149.27970106,-69.30191546616844
28,FW,26,1589,8,0,7,6.6,5.8,29,19,0.45,0.0,2,1,0,20,231,70.6,24,25,52.0,42,0.79,0.17,2.83,0.28,52.0,20.0,1,10,0,21,25,0,0.0,0,0.0,0,0.0,0.0,70000000.0,Romelu Lukaku,2021-2022,28812559.056740202,70000000.0,-41187440.9432598,-58.83920134751399
26,MF,37,3156,2,0,1,1.4,0.6,30,323,0.06,0.0,76,38,64,38,2785,88.9,29,27,55.6,18,0.17,0.06,2.08,0.14,36.4,46.9,7,39,1,106,31,0,0.0,0,0.0,0,0.0,0.0,65000000.0,Jorginho,2018-2019,24304721.591127075,65000000.0,-40695278.408872925,-62.60812062903527
23,MF,14,863,2,2,2,2.2,2.2,36,32,0.21,0.21,26,19,4,3,218,75.7,17,41,51.2,28,0.94,0.07,4.28,0.73,0.0,46.2,0,7,0,7,15,0,0.0,0,0.0,0,0.0,0.0,65000000.0,Federico Chiesa,2021-2022,24565597.114008196,65000000.0,-40434402.885991804,-62.20677367075662
19,DF,29,2462,1,12,1,1.6,1.6,70,157,0.04,0.44,61,39,35,68,1644,73.5,48,27,51.9,29,0.33,0.03,3.51,0.66,28.1,52.9,3,16,0,70,14,0,0.0,0,0.0,0,0.0,0.0,80000000.0,Trent Alexander-Arnold,2018-2019,39946884.9595155,80000000.0,-40053115.0404845,-50.066393800605624
22,FW,30,1779,1,4,1,4.1,4.1,116,95,0.05,0.2,12,8,14,7,839,81.9,30,60,68.3,45,0.86,0.02,3.39,0.51,22.2,8.3,1,15,0,6,15,0,0.0,0,0.0,0,0.0,0.0,60000000.0,Marco Asensio,2018-2019,20609686.848756213,60000000.0,-39390313.15124379,-65.65052191873966
26,MF,29,2312,3,0,3,2.6,2.6,15,111,0.12,0.0,86,52,41,56,1431,87.2,14,21,81.0,40,0.31,0.08,2.1,0.12,61.9,40.4,12,40,3,99,17,0,0.0,0,0.0,0,0.0,0.0,60000000.0,Casemiro,2018-2019,20828553.319519214,60000000.0,-39171446.680480786,-65.28574446746798
22,DF,31,2311,1,2,1,0.3,0.3,30,132,0.04,0.08,44,25,35,59,1599,88.3,14,19,57.9,9,0.08,0.11,1.75,0.19,62.3,50.0,12,10,1,242,5,0,0.0,0,0.0,0,0.0,0.0,60000000.0,Alessandro Bastoni,2021-2022,20961570.71505242,60000000.0,-39038429.28494758,-65.06404880824597
26,DF,25,2128,3,1,3,2.2,2.2,14,117,0.13,0.04,27,21,27,75,1612,92.7,3,2,100.0,15,0.34,0.2,0.72,0.21,63.6,57.7,9,12,2,194,3,0,0.0,0,0.0,0,0.0,0.0,75000000.0,Marquinhos,2020-2021,36043087.27803348,75000000.0,-38956912.72196652,-51.94255029595536
27,MF,32,2482,5,3,5,3.3,3.3,26,163,0.18,0.11,77,43,16,55,1076,76.2,20,41,58.5,30,0.4,0.17,2.36,0.29,60.5,45.8,11,25,3,91,42,0,0.0,0,0.0,0,0.0,0.0,50000000.0,Mikel Merino,2023-2024,11156889.459103765,50000000.0,-38843110.54089624,-77.68622108179247
26,FW,34,2018,5,2,5,7.4,7.4,101,158,0.22,0.09,16,11,12,8,1241,84.9,32,90,56.7,68,1.38,0.07,4.06,0.31,24.0,31.8,2,19,0,8,46,0,0.0,0,0.0,0,0.0,0.0,90000000.0,Philippe Coutinho,2018-2019,51438097.523369394,90000000.0,-38561902.476630606,-42.84655830736734
25,GK,35,3150,0,0,0,0.0,0.0,0,0,0.0,0.0,0,0,0,8,903,75.1,0,0,0.0,0,0.0,0.0,0.11,0.0,66.7,0.0,0,0,1,1140,0,0,0.0,0,0.0,0,0.0,0.0,60000000.0,Thibaut Courtois,2017-2018,21746777.454795524,60000000.0,-38253222.545204476,-63.755370908674124
21,FW,29,1661,8,5,8,3.8,3.8,113,80,0.43,0.27,23,15,5,4,764,76.1,45,111,61.3,39,0.92,0.21,4.33,0.65,47.1,33.3,0,13,0,6,44,0,0.0,0,0.0,0,0.0,0.0,100000000.0,Ousmane Dembélé,2018-2019,62057035.4321411,100000000.0,-37942964.5678589,-37.942964567858894
18,MF,24,1924,3,1,3,0.9,0.9,25,64,0.14,0.05,47,27,22,30,748,86.2,15,58,53.4,11,0.23,0.27,1.87,0.37,42.2,46.7,12,8,1,62,24,0,0.0,0,0.0,0,0.0,0.0,50000000.0,Kobbie Mainoo,2023-2024,12108436.018901452,50000000.0,-37891563.98109855,-75.7831279621971
23,FW,32,2631,15,11,13,13.2,11.6,97,61,0.51,0.38,14,10,3,13,419,64.6,41,161,44.1,75,1.03,0.17,3.59,0.75,43.2,11.1,2,17,0,17,65,0,0.0,0,0.0,0,0.0,0.0,80000000.0,Randal Kolo Muani,2022-2023,42400201.78587519,80000000.0,-37599798.21412481,-46.99974776765602
24,MF,22,1718,0,3,0,0.3,0.3,41,193,0.0,0.16,51,33,26,11,1876,90.5,28,51,82.4,7,0.05,0.0,3.82,0.63,50.0,0.0,6,19,3,39,36,0,0.0,0,0.0,0,0.0,0.0,70000000.0,Marco Verratti,2017-2018,32638423.335487813,70000000.0,-37361576.66451219,-53.37368094930313
21,MF,18,1547,0,2,0,0.8,0.8,22,168,0.0,0.12,45,27,16,12,1269,88.1,20,32,53.1,20,0.17,0.0,3.43,0.35,41.2,37.5,2,30,1,45,13,0,0.0,0,0.0,0,0.0,0.0,80000000.0,Enzo Fernández,2022-2023,42966725.39535977,80000000.0,-37033274.60464023,-46.29159325580029
21,MF,27,1430,0,1,0,0.3,0.3,16,120,0.0,0.06,15,10,9,9,1200,92.9,14,17,58.8,6,0.25,0.0,1.89,0.13,30.0,46.2,0,8,1,19,11,0,0.0,0,0.0,0,0.0,0.0,70000000.0,Arthur Melo,2018-2019,32998429.32478279,70000000.0,-37001570.67521721,-52.85938667888173
23,MF,34,2467,1,1,1,2.4,2.4,59,84,0.04,0.04,67,43,16,35,818,79.6,27,85,51.8,28,0.33,0.04,2.15,0.18,42.3,45.9,4,31,2,64,39,0,0.0,0,0.0,0,0.0,0.0,45000000.0,Matheus Nunes,2022-2023,8360326.422533177,45000000.0,-36639673.57746682,-81.42149683881516
23,MF,36,2854,7,7,7,7.4,7.4,152,156,0.22,0.22,52,39,25,26,1515,83.3,71,88,55.7,62,0.69,0.11,4.35,0.41,29.7,23.9,3,44,1,33,37,0,0.0,0,0.0,0,0.0,0.0,100000000.0,Bernardo Silva,2018-2019,63394539.37717455,100000000.0,-36605460.62282545,-36.605460622825454
26,FW,36,3077,22,1,22,15.1,15.1,121,129,0.64,0.03,35,29,15,10,946,76.1,45,101,50.5,87,1.23,0.25,3.48,0.47,32.1,32.6,4,24,1,17,48,0,0.0,0,0.0,0,0.0,0.0,120000000.0,Sadio Mané,2018-2019,83509034.02809873,120000000.0,-36490965.97190127,-30.409138309917722
28,FW,15,1041,3,3,3,3.6,3.6,27,16,0.26,0.26,17,11,5,3,237,75.0,13,32,46.9,25,0.86,0.12,2.68,0.52,43.1,0.0,4,10,0,7,41,0,0.0,0,0.0,0,0.0,0.0,60000000.0,Diego Costa,2017-2018,23584995.820113506,60000000.0,-36415004.17988649,-60.69167363314415
22,FW,27,1925,10,2,8,9.7,7.3,22,40,0.47,0.09,11,6,3,8,271,71.1,21,33,42.4,65,0.94,0.12,2.1,0.33,39.1,40.0,3,7,1,12,37,0,0.0,0,0.0,0,0.0,0.0,70000000.0,Dušan Vlahović,2022-2023,33615376.031452574,70000000.0,-36384623.968547426,-51.97803424078204
26,MF,16,1204,1,3,1,2.4,1.6,27,111,0.07,0.22,20,9,7,10,885,84.7,30,38,71.1,21,0.52,0.05,4.56,0.52,72.5,50.0,4,8,2,32,32,0,0.0,0,0.0,0,0.0,0.0,80000000.0,Paul Pogba,2019-2020,44251427.560138814,80000000.0,-35748572.439861186,-44.68571554982648
21,MF,36,2600,5,2,5,4.1,4.1,51,141,0.17,0.07,54,37,34,19,1214,81.6,44,45,66.7,37,0.38,0.14,2.84,0.17,41.7,51.2,8,18,0,56,23,0,0.0,0,0.0,0,0.0,0.0,50000000.0,Sandro Tonali,2021-2022,14482374.431967782,50000000.0,-35517625.56803222,-71.03525113606443
24,DF,27,2322,0,1,0,1.0,1.0,12,66,0.0,0.04,28,19,33,109,1211,90.4,6,11,81.8,10,0.08,0.0,0.58,0.08,64.5,0.0,10,17,2,152,5,0,0.0,0,0.0,0,0.0,0.0,70000000.0,Raphaël Varane,2017-2018,34625316.83068071,70000000.0,-35374683.16931929,-50.53526167045612
23,FW,36,2762,8,3,8,4.7,4.7,151,144,0.26,0.1,62,33,18,2,953,77.2,66,129,41.9,57,0.75,0.14,4.14,0.26,31.8,37.3,1,23,1,12,65,0,0.0,0,0.0,0,0.0,0.0,55000000.0,Dejan Kulusevski,2023-2024,19868915.215068858,55000000.0,-35131084.78493114,-63.8746996089657
23,DF,22,1844,1,0,1,0.5,0.5,23,65,0.05,0.0,62,39,33,74,1149,86.7,6,14,64.3,6,0.1,0.17,0.93,0.1,58.9,64.7,21,25,1,231,5,0,0.0,0,0.0,0,0.0,0.0,48000000.0,Cristian Romero,2021-2022,13072941.575373432,48000000.0,-34927058.42462657,-72.76470505130534
27,MF,34,2931,8,9,8,4.1,4.1,76,376,0.25,0.28,70,43,26,41,3365,92.0,49,64,65.6,62,0.68,0.13,4.82,0.71,71.1,48.3,8,24,4,114,32,0,0.0,0,0.0,0,0.0,0.0,120000000.0,Rodri,2023-2024,85149115.53564745,120000000.0,-34850884.46435255,-29.04240372029379
27,DF,23,1672,0,2,0,0.7,0.7,25,89,0.0,0.11,34,21,32,44,1180,90.2,10,7,28.6,15,0.27,0.0,1.45,0.11,56.5,83.3,15,10,1,140,0,0,0.0,0,0.0,0,0.0,0.0,50000000.0,Benjamin Pavard,2023-2024,15239179.483247114,50000000.0,-34760820.516752884,-69.52164103350576
24,FW,30,2523,10,5,7,9.2,6.8,44,42,0.36,0.18,40,23,12,34,339,59.7,29,82,48.8,69,0.71,0.1,2.46,0.32,29.9,48.4,4,38,0,37,54,0,0.0,0,0.0,0,0.0,0.0,48000000.0,Richarlison,2021-2022,13928540.97338208,48000000.0,-34071459.02661792,-70.982206305454
28,MF,35,3118,10,8,6,10.0,6.1,86,297,0.29,0.23,68,38,27,50,1590,73.0,114,44,43.2,90,1.01,0.07,6.06,0.55,45.7,34.1,6,43,2,96,35,0,0.0,0,0.0,0,0.0,0.0,70000000.0,Bruno Fernandes,2023-2024,36228555.188311785,70000000.0,-33771444.811688215,-48.24492115955459
27,FW,17,1450,4,2,4,6.0,6.0,23,40,0.25,0.12,15,5,10,18,228,53.5,12,23,43.5,51,1.3,0.08,2.42,0.37,47.0,42.9,1,4,0,20,17,0,0.0,0,0.0,0,0.0,0.0,50000000.0,Ivan Toney,2023-2024,16312177.420753727,50000000.0,-33687822.579246275,-67.37564515849255
22,FW,30,2150,7,4,7,3.5,3.5,136,89,0.29,0.17,26,17,11,8,611,70.9,58,117,47.0,46,0.88,0.15,4.61,0.29,40.7,39.1,2,19,1,11,27,0,0.0,0,0.0,0,0.0,0.0,50000000.0,Takefusa Kubo,2023-2024,16450590.357863212,50000000.0,-33549409.64213679,-67.09881928427357
31,GK,3,270,0,0,0,0.0,0.0,0,0,0.0,0.0,0,0,0,1,82,86.3,0,0,0.0,0,0.0,0.0,0.0,0.0,0.0,0.0,0,0,0,77,0,0,0.0,0,0.0,0,0.0,0.0,35000000.0,Manuel Neuer,2017-2018,1496262.4122689548,35000000.0,-33503737.587731045,-95.72496453637442
24,MF,33,2599,5,5,4,3.7,2.9,44,209,0.17,0.17,99,55,35,25,1704,86.6,47,34,52.9,43,0.28,0.09,3.74,0.42,52.5,47.2,8,57,1,73,35,0,0.0,0,0.0,0,0.0,0.0,75000000.0,Alexis Mac Allister,2023-2024,41667967.406708725,75000000.0,-33332032.593291275,-44.44271012438837
23,MF,2,52,1,0,1,0.1,0.1,0,4,1.73,0.0,0,0,0,0,34,79.1,2,0,0.0,1,1.73,1.0,3.46,0.0,100.0,0.0,1,0,0,0,0,0,0.0,0,0.0,0,0.0,0.0,40000000.0,Corentin Tolisso,2018-2019,6826190.342973276,40000000.0,-33173809.657026723,-82.93452414256681
24,DF,14,1189,0,1,0,0.2,0.2,11,69,0.0,0.08,8,5,18,28,841,94.4,1,5,80.0,2,0.0,0.0,0.83,0.23,50.0,66.7,8,2,2,67,4,0,0.0,0,0.0,0,0.0,0.0,45000000.0,Samuel Umtiti,2018-2019,11863016.498586567,45000000.0,-33136983.501413435,-73.63774111425208
23,DF,29,2348,0,1,0,0.7,0.7,31,169,0.0,0.04,65,37,27,71,2101,90.6,6,15,66.7,7,0.04,0.0,0.88,0.11,50.0,62.2,6,20,4,234,10,0,0.0,0,0.0,0,0.0,0.0,60000000.0,Dayot Upamecano,2022-2023,27169897.098431487,60000000.0,-32830102.901568513,-54.716838169280855
